ID,TITLE,WORTH,DESCRIPTION,INSTRUCTIONS,OPEN_GIVEAWAY_URL,TYPE,PLATFORMS,END_DATE,USERS,STATUS,GAMERPOWER_URL,OPEN_GIVEAWAY
2064,Gravity Den (IndieGala) Giveaway,$3.99,Score Gravity Den for free on IndieGala! Gravity Den is a 2d platformer with a one-eyed alien. Check it out!,"1. Login into your free IndieGala account.
2. Scroll down and click the ""Add to Your Library"" button to add the game to your library.
3. Go to ""My Library"" to find your game.",https://www.gamerpower.com/open/gravity-den,Game,"PC, DRM-Free",0,8130,Active,https://www.gamerpower.com/gravity-den,https://www.gamerpower.com/open/gravity-den
2488,Black Book (Epic Games) Giveaway,$24.99,Claim Black Book for free on Epic Games Store! Black Book is a dark RPG Adventure with card-based battles and mythological creatures.,"1. Login into your Epic Games Store account.
2. Click the button to add the game to your library",https://www.gamerpower.com/open/black-book-epic-games-giveaway,Game,"PC, Epic Games Store",2023-08-24 23:59:00,3640,Active,https://www.gamerpower.com/black-book-epic-games-giveaway,https://www.gamerpower.com/open/black-book-epic-games-giveaway
2487,Dodo Peak (Epic Games) Giveaway,$9.99,Download Dodo Peak for free on Epic Games Store! Dodo Peak is a throwback to the classic arcade platformers of the past with a modern twist. Check it out,"1. Login into your Epic Games Store account.
2. Click the button to add the game to your library",https://www.gamerpower.com/open/dodo-peak-epic-games-giveaway,Game,"PC, Epic Games Store",2023-08-24 23:59:00,2090,Active,https://www.gamerpower.com/dodo-peak-epic-games-giveaway,https://www.gamerpower.com/open/dodo-peak-epic-games-giveaway
2485,Exoprimal: Alienware Decal Steam Key Giveaway,0,Claim your free Exoprimal: Alienware Decal Steam Key and customize your exosuit! Please note the base game Exoprimal is required to enjoy this content.,"1. Log in or register to your free Alienware account.
2. Click the button to unlock your free Steam key.
3. Launch the Steam client and click the Games menu option.
4. Choose ""activate a Product on Steam"" to redeem your Steam key.",https://www.gamerpower.com/open/exoprimal-alienware-decal-steam-key-giveaway,DLC,"PC, Steam",0,1160,Active,https://www.gamerpower.com/exoprimal-alienware-decal-steam-key-giveaway,https://www.gamerpower.com/open/exoprimal-alienware-decal-steam-key-giveaway
2484,Soul Valley (IndieGala) Giveaway,$14.99,Download Soul Valley without any cost via IndieGala! Soul Valley is a walking simulator game with puzzles. Check it out!,"1. Login into your free IndieGala account.
2. Scroll down and click the ""Add to Your Library"" button to add the game to your library.
3. Go to ""My Library"" to find your game.",https://www.gamerpower.com/open/soul-valley-indiegala-giveaway,Game,"PC, DRM-Free",0,3680,Active,https://www.gamerpower.com/soul-valley-indiegala-giveaway,https://www.gamerpower.com/open/soul-valley-indiegala-giveaway
2483,Proto Cuckoo 64 (itch.io) Givaway,$1.99,Score Proto Cuckoo 64 for free via itch.io. Proto Cuckoo 64 is a cool old-school arcade puzzle game with retro graphics and retro sounds.,"1. Download directly via itch.io before the offer expires.
2. Enjoy the game!",https://www.gamerpower.com/open/proto-cuckoo-64-itch-io-givaway,Game,"PC, Itch.io",0,2260,Active,https://www.gamerpower.com/proto-cuckoo-64-itch-io-givaway,https://www.gamerpower.com/open/proto-cuckoo-64-itch-io-givaway
2481,Unity of Command: Stalingrad Campaign Steam Key Giveaway,$9.99,Fanatical is giving away free Steam keys for Unity of Command: Stalingrad Campaign! You just need to subscribe to their Email Newsletter to get this offer!,"1. Login into your Fanatical account and subscribe to their newsletter
2. Link a valid Steam account and unlock your Steam key!
3. Launch the Steam client and click the Games menu option.
4. Choose ""activate a Product on Steam"" to redeem your Steam key.",https://www.gamerpower.com/open/unity-of-command-stalingrad-campaign-steam-key-giveaway,Game,"PC, Steam",0,6460,Active,https://www.gamerpower.com/unity-of-command-stalingrad-campaign-steam-key-giveaway,https://www.gamerpower.com/open/unity-of-command-stalingrad-campaign-steam-key-giveaway
2477,Evercore Heroes Beta Key Giveaway,0,Claim your free Evercore Heroes Beta Key and join the closed beta! Evercore Heroes is a brand new competitive PVE experience. Check it out!,"1. Login into your free MMOBomb account and click the button to unlock your key.
2. Follow the giveaway instructions to redeem your key.",https://www.gamerpower.com/open/evercore-heroes-beta-key-giveaway,Early Access,PC,0,1700,Active,https://www.gamerpower.com/evercore-heroes-beta-key-giveaway,https://www.gamerpower.com/open/evercore-heroes-beta-key-giveaway
1962,RUN! GRANDPA! RUN! (IndieGala) Giveaway,$4.99,Download a free copy of RUN! GRANDPA! RUN! on IndieGala! RUN! GRANDPA! RUN! is a platformer where you help Grandpa run!,"1. Login into your free IndieGala account.
2. Scroll down and click the ""Add to Your Library"" button to add the game to your library.
3. Go to ""My Library"" to find your game.",https://www.gamerpower.com/open/run-grandpa-run,Game,"PC, DRM-Free",0,10750,Active,https://www.gamerpower.com/run-grandpa-run,https://www.gamerpower.com/open/run-grandpa-run
2476,World of Warships x Azur Lane: Free Welcome Pack (Steam) Giveaway,0,"Claim your free World of Warships x Azur Lane: Free Welcome Pack on Steam and unlock 1 Azur Lane container, 5 “Azur Lane - Siren” expendable camouflages and access to the Azur Lane Dorm Port.","1. Download this DLC directly via Steam before expires (September 6, 2023).
2. Please note the base game World of Warships is required to enjoy this DLC content.",https://www.gamerpower.com/open/world-of-warships-x-azur-lane-free-welcome-pack-steam-giveaway,DLC,"PC, Steam",2023-09-06 23:59:00,1360,Active,https://www.gamerpower.com/world-of-warships-x-azur-lane-free-welcome-pack-steam-giveaway,https://www.gamerpower.com/open/world-of-warships-x-azur-lane-free-welcome-pack-steam-giveaway
2474,Eternal Return: Free Luke &amp; Li Dailin Pack Keys,0,Eternal Return is celebrating its Official Launch by giving away two popular Characters (Luke and Li Dailin) and Skin Bundles for its players! Grab your bundle key now!,"1. Login into your free MMOBomb account and click the button to unlock your key.
2. Follow the giveaway instructions to redeem your key.",https://www.gamerpower.com/open/eternal-return-free-luke-amp-li-dailin-pack-keys,DLC,PC,2023-08-31 23:59:00,940,Active,https://www.gamerpower.com/eternal-return-free-luke-amp-li-dailin-pack-keys,https://www.gamerpower.com/open/eternal-return-free-luke-amp-li-dailin-pack-keys
2472,Fiesta Online Free Anniversary Pack Keys,0,"Celebrate Fiesta Online’s 10th Anniversary event with a free Fiesta Online Anniversary Pack! Each pack unlocks a birthday Costume, one Anniversary Crown, Quill the Wizphant and more!","1. Login into your free MMOBomb account and click the button to unlock your key.
2. Follow the giveaway instructions to redeem your key.",https://www.gamerpower.com/open/fiesta-online-free-anniversary-pack-keys,DLC,PC,2023-09-04 23:59:00,660,Active,https://www.gamerpower.com/fiesta-online-free-anniversary-pack-keys,https://www.gamerpower.com/open/fiesta-online-free-anniversary-pack-keys
2468,Divine Knockout Serious Business Hercules Skin Key Giveaway,0,Claim your free Divine Knockout Skin Key and unlock the Serious Business Skin for Hercules! Please note the base game Divine Knockout (free-to-play) is required to enjoy this add-on content.,"1. Log in or register to your free Alienware Arena account.
2. Click the button to unlock your key and follow the giveaway instructions.",https://www.gamerpower.com/open/divine-knockout-serious-business-hercules-skin-key-giveaway,DLC,"PC, Steam, Epic Games Store",0,1130,Active,https://www.gamerpower.com/divine-knockout-serious-business-hercules-skin-key-giveaway,https://www.gamerpower.com/open/divine-knockout-serious-business-hercules-skin-key-giveaway
1378,Imbroglio (itch.io) Giveaway,$6.00,Grab Imbroglio for free on itch.io! Imbroglio is a unique puzzle game based on Sokoban! Check it out!,"1. Download directly via itch.io before the offer expires.
2. Enjoy the game!",https://www.gamerpower.com/open/imbroglio,Game,"PC, Itch.io, DRM-Free",0,7550,Active,https://www.gamerpower.com/imbroglio,https://www.gamerpower.com/open/imbroglio
2463,Crime Boss: Rockay City - Tactical Weapon Pack Giveaway,$4.99,"Claim your free Crime Boss: Rockay City - Tactical Weapon Pack! Each pack unlocks handguns, a rifle and a shotgun! Please note the base game Crime Boss: Rockay City is required to enjoy this add-on content.","1. Claim directly via Epic Games Store before the offer expires (This DLC is also available on Playstation Store and Xbox).
2. Have fun!",https://www.gamerpower.com/open/crime-boss-rockay-city-tactical-weapon-pack-giveaway,DLC,"PC, Epic Games Store, Playstation 5, Xbox Series X|S, Xbox One",0,1430,Active,https://www.gamerpower.com/crime-boss-rockay-city-tactical-weapon-pack-giveaway,https://www.gamerpower.com/open/crime-boss-rockay-city-tactical-weapon-pack-giveaway
2225,"Dead by Daylight 100,000 Bloodpoints Key Giveaway",0,Grab your free Dead by Daylight Bloodpoints Key and unlock 100K blood points! It's that easy!,"1. Login into your free Alienware Arena account and click the button to unlock your key.
2. Follow the giveaway instructions to redeem your key (Please note the key must be redeemed in-game).",https://www.gamerpower.com/open/dead-by-daylight-bloodpoints-key-giveaway,DLC,"PC, Steam",0,10410,Active,https://www.gamerpower.com/dead-by-daylight-bloodpoints-key-giveaway,https://www.gamerpower.com/open/dead-by-daylight-bloodpoints-key-giveaway
799,Resistance is Fruitile (itch.io) Giveaway,$5.00,Claim Resistance is Fruitile for free via itch.io! Resistance is Fruitile is a co-op twin stick shooter game jam-packed with fruit monsters and firepower! Check it out!,"1. Log in to your itch.io account
2. Click the ""Download"" Button to claim to your account
3. Download the game from your library",https://www.gamerpower.com/open/resistance-is-fruitile,Game,"PC, Itch.io, DRM-Free",0,8540,Active,https://www.gamerpower.com/resistance-is-fruitile,https://www.gamerpower.com/open/resistance-is-fruitile
1600,Dead Drop (IndieGala) Giveaway,$5.99,Download Dead Drop for free via IndieGala! Dead Drop is a tense two-player game of espionage and deception. Check it out!,"1. Login into your free IndieGala account.
2. Scroll down and click the ""Add to Your Library"" button to add the game to your library.
3. Go to ""My Library"" to find your game.",https://www.gamerpower.com/open/dead-drop,Game,"PC, DRM-Free",0,5340,Active,https://www.gamerpower.com/dead-drop,https://www.gamerpower.com/open/dead-drop
2460,Moving Out - Movers in Paradise (Steam) Key Giveaway,$7.49,Claim your free Moving Out Movers in Paradise DLC (Steam) Key and unlock the latest expansion for Moving Out. Please note you must own the Moving Out base game in order to redeem this key on Steam.,"1. Log in or register to your free SteelSeries account.
2. Click the button to unlock your free Steam key.
3. Launch the Steam client and click the Games menu option.
4. Choose ""activate a Product on Steam"" to redeem your Steam key.",https://www.gamerpower.com/open/moving-out-movers-in-paradise-steam-key-giveaway,DLC,"PC, Steam",0,1780,Active,https://www.gamerpower.com/moving-out-movers-in-paradise-steam-key-giveaway,https://www.gamerpower.com/open/moving-out-movers-in-paradise-steam-key-giveaway
2457,Black Desert Online Traveler Edition Game and Pack Key Giveaway,$9.99,Steelseries is giving away a free Black Desert Online Traveler Edition (Base Game) key plus a gift pack with cool summer themed in-game items to decorate your in-game house.,"1. Log in or register to your free Steelseries account.
2. Click the button to unlock your key and follow the giveaway instructions.",https://www.gamerpower.com/open/black-desert-online-traveler-edition-game-and-pack-key-giveaway,Game,PC,0,5270,Active,https://www.gamerpower.com/black-desert-online-traveler-edition-game-and-pack-key-giveaway,https://www.gamerpower.com/open/black-desert-online-traveler-edition-game-and-pack-key-giveaway
2456,Neverwinter Frayed Silken Cloak Key Giveaway,0,Claim your free Neverwinter Frayed Silken Cloak Key! Each key unlocks the Frayed Silken Cloak (bound to account).,"1. Log in or register to your free Alienware Arena account.
2. Click the button to unlock your key and follow the giveaway instructions.",https://www.gamerpower.com/open/neverwinter-frayed-silken-cloak-key-giveaway,DLC,PC,0,1310,Active,https://www.gamerpower.com/neverwinter-frayed-silken-cloak-key-giveaway,https://www.gamerpower.com/open/neverwinter-frayed-silken-cloak-key-giveaway
2453,Honkai Star Rail 30 Stellar Jade Pack Key Giveaway,0,"Get a Honkai Star Rail 30 Stellar Jade Pack for free and jump into the space fantasy RPG! Each Steller Jade Pack key will unlock 30 Stellar Jade, 1 Refined Aether and 15 Traveler's Guide.","1. Log in or register to your free Steelseries account.
2. Click the button to unlock your key and follow the giveaway instructions.",https://www.gamerpower.com/open/honkai-star-rail-30-stellar-jade-pack-key-giveaway,DLC,"PC, Playstation 5, Playstation 4, Android, iOS",0,1260,Active,https://www.gamerpower.com/honkai-star-rail-30-stellar-jade-pack-key-giveaway,https://www.gamerpower.com/open/honkai-star-rail-30-stellar-jade-pack-key-giveaway
2452,3on3 FreeStyle - 3rd Anniversary Gift Pack Giveaway (Steam),0,"Celebrate the 3rd Anniversary of 3on3 FreeStyle with a nice Gift Pack DLC via Steam. This 3rd Anniversary Gift Pack includes 10,000 Coins, 50 Points, Max Level Character Selection Ticket and much more! Please note the base game 3on3 FreeStyle: Rebound (free-to-play) is required to enjoy this DLC content.","1. Download this Steam DLC directly via Steam before the offer expires (8/15/2023).
2. Don´t forget to install the base game. That´s it! Have fun!",https://www.gamerpower.com/open/3on3-freestyle-3rd-anniversary-gift-pack-giveaway-steam,DLC,"PC, Steam",2023-08-15 23:59:00,1160,Active,https://www.gamerpower.com/3on3-freestyle-3rd-anniversary-gift-pack-giveaway-steam,https://www.gamerpower.com/open/3on3-freestyle-3rd-anniversary-gift-pack-giveaway-steam
2449,Century: Age of Ashes Aldrüni Pack Key Giveaway,0,Score a free Century: Age of Ashes Aldrüni Pack key and unlock the Aldrüni Shrines Dragon and 300 Gems. Are you ready to rule the skies?,"1. Log in or register to your free Alienware Arena account.
2. Click the button to unlock your key and follow the giveaway instructions.",https://www.gamerpower.com/open/century-age-of-ashes-aldruni-pack-key-giveaway,DLC,"PC, Steam, Epic Games Store, Xbox Series X|S, Xbox One, Android, iOS",0,1510,Active,https://www.gamerpower.com/century-age-of-ashes-aldruni-pack-key-giveaway,https://www.gamerpower.com/open/century-age-of-ashes-aldruni-pack-key-giveaway
2448,KARDS Starter Pack Key Giveaway,0,"Grab a free KARDS Starter Pack key and storm the battlefield! Please note this starter pack is only valid for new accounts up to 60 days old. Your key will unlock 5 Core Packs, containing 5 cards each from the core sets plus 150 Gold!","1. Log in or register to your free Alienware Arena account.
2. Click the button to unlock your key and follow the giveaway instructions.",https://www.gamerpower.com/open/kards-starter-pack-key-giveaway,DLC,PC,0,680,Active,https://www.gamerpower.com/kards-starter-pack-key-giveaway,https://www.gamerpower.com/open/kards-starter-pack-key-giveaway
2447,Deadswitch 3: Delta Force Supply Cache Key Giveaway,0,"Incoming drop! Claim your free Deadswitch 3: Delta Force Supply Cache Key and unlock shards, boosts, weapons, headgear and much more!","1. Log in or register to your free Alienware Arena account.
2. Click the button to unlock your key and follow the giveaway instructions.",https://www.gamerpower.com/open/deadswitch-3-delta-force-supply-cache-key-giveaway,DLC,PC,0,820,Active,https://www.gamerpower.com/deadswitch-3-delta-force-supply-cache-key-giveaway,https://www.gamerpower.com/open/deadswitch-3-delta-force-supply-cache-key-giveaway
2446,Hell Let Loose - Hot Drop DLC Steam Key Giveaway,$4.99,"Claim your free Hell Let Loose - Hot Drop Pack Steam Key! Each pack unlocks a US Airborne Pathfinder Uniform for the following roles: Rifleman, Support, Medic, Sniper, Auto Rifleman, Heavy MG, Spotter, Assault, Engineer, Anti-Tank and Officer. Please note the base game Hell Let Loose is required to enjoy this DLC content.","1. Log in or register to your free SteelSeries account.
2. Click the button to unlock your free Steam key.
3. Launch the Steam client and click the Games menu option.
4. Choose ""activate a Product on Steam"" to redeem your Steam key.",https://www.gamerpower.com/open/hell-let-loose-hot-drop-dlc-steam-key-giveaway,DLC,"PC, Steam",0,1590,Active,https://www.gamerpower.com/hell-let-loose-hot-drop-dlc-steam-key-giveaway,https://www.gamerpower.com/open/hell-let-loose-hot-drop-dlc-steam-key-giveaway
2445,The Whisperer (GOG) Giveaway,$4.99,"Don´t miss this GOG giveaway! Grab The Whisperer for free, a point & click horror game. Claim as a GIVEAWAY until July 17th, 1 PM UTC!","1. Click the ""Add to Cart"" button before the offer expires.
2. That´s it! Enjoy your new game!",https://www.gamerpower.com/open/the-whisperer-gog-giveaway,Game,GOG,2023-07-27 23:59:00,5750,Active,https://www.gamerpower.com/the-whisperer-gog-giveaway,https://www.gamerpower.com/open/the-whisperer-gog-giveaway
2444,Exoprimal Lars Decal Steam Key Giveaway,0,Score your free Exoprimal Lars Decal Steam Key and unlock the SteelSeries Lars Decal to your exosuit! Please note the base game Exoprimal is required to enjoy this content.,"1. Log in or register to your free SteelSeries account.
2. Click the button to unlock your free Steam key.
3. Launch the Steam client and click the Games menu option.
4. Choose ""activate a Product on Steam"" to redeem your Steam key.",https://www.gamerpower.com/open/exoprimal-lars-decal-steam-key-giveaway,DLC,"PC, Steam",0,1960,Active,https://www.gamerpower.com/exoprimal-lars-decal-steam-key-giveaway,https://www.gamerpower.com/open/exoprimal-lars-decal-steam-key-giveaway
2439,Golf With Your Friends - Summer Party Pack (Steam) Key Giveaway,$1.99,"Grab your free Golf With Your Friends - Summer Party Pack DLC Steam Key! This pack unlocks a selection of items for you to customize your ball including several hats, stickers, trails and more! Please note the base game Golf With Your Friends is required to enjoy this DLC content.","1. Register or login into your free Steelseries account and click the button to unlock your key.
2. Launch the Steam client and click the Games menu option.
3. Choose ""activate a Product on Steam"" to redeem your Steam key.",https://www.gamerpower.com/open/golf-with-your-friends-summer-party-pack-steam-key-giveaway,DLC,"PC, Steam",0,1810,Active,https://www.gamerpower.com/golf-with-your-friends-summer-party-pack-steam-key-giveaway,https://www.gamerpower.com/open/golf-with-your-friends-summer-party-pack-steam-key-giveaway
2438,Warframe Excalibur Avalon Bundle Key Giveaway,0,Claim your free Warframe Excalibur Avalon Bundle Key and unlock lots of in-game items for Warframe!,"1. Log in or register to your free Alienware Arena account.
2. Click the button to unlock your key and follow the giveaway instructions.",https://www.gamerpower.com/open/warframe-excalibur-avalon-bundle-key-giveaway,DLC,PC,2023-08-31 23:59:00,2620,Active,https://www.gamerpower.com/warframe-excalibur-avalon-bundle-key-giveaway,https://www.gamerpower.com/open/warframe-excalibur-avalon-bundle-key-giveaway
2436,Marauders Skin (Steam) Key Giveaway,0,Claim your free Marauders Exclusive SteelSeries Skin Steam key! Please note the base game Marauders is required to enjoy this content.,"1. Login and claim your skin by clicking the GET KEY button.
2. Launch the Steam client and click the Games menu option.
3. Choose ""activate a Product on Steam"" to redeem your Steam key.",https://www.gamerpower.com/open/marauders-skin-steam-key-giveaway,DLC,"PC, Steam",0,3380,Active,https://www.gamerpower.com/marauders-skin-steam-key-giveaway,https://www.gamerpower.com/open/marauders-skin-steam-key-giveaway
2432,DarkOrbit Free Pack Keys Giveaway,0,"Grab your free DarkOrbit gift pack key today on MMOBomb and enhance your galactic adventure! Each gift pack key unlocks a Ship Laser Weapon, Laser Ammunition, Jump Vouchers and Log Disks to upgrade your Skill Tree.","1. Login into your free MMOBomb account and click the button to unlock your key.
2. Follow the giveaway instructions to redeem your key.",https://www.gamerpower.com/open/darkorbit-free-pack-keys-giveaway,DLC,PC,2023-11-30 23:59:00,1200,Active,https://www.gamerpower.com/darkorbit-free-pack-keys-giveaway,https://www.gamerpower.com/open/darkorbit-free-pack-keys-giveaway
2428,Guild Wars 2 Green Plush Quaggan Backpack Cover Key Giveaway,0,Unlock your exclusive Guild Wars 2 Green Plush Quaggan Backpack Cover Key for FREE today and stand out from the crowd!,"1. Log in or register to your free Alienware Arena account.
2. Click the button to unlock your key and follow the giveaway instructions.",https://www.gamerpower.com/open/guild-wars-2-green-plush-quaggan-backpack-cover-key-giveaway,DLC,PC,0,1900,Active,https://www.gamerpower.com/guild-wars-2-green-plush-quaggan-backpack-cover-key-giveaway,https://www.gamerpower.com/open/guild-wars-2-green-plush-quaggan-backpack-cover-key-giveaway
2409,Giveaway Alerts Chrome Extension,0,"Don´t miss any giveaway! Our Chrome extension is here to keep you in the loop by sending timely notifications for the best giveaways in gaming! With the GamerPower Giveaway Alerts Chrome Extension installed, you'll have a constant companion tirelessly scanning the web for the latest and greatest gaming giveaways.","1. Download directly via Chrome Web Store
2. That´s it, just relax and enjoy all the upcoming giveaways.",https://www.gamerpower.com/open/giveaway-alerts-chrome-extension,Other,PC,0,1660,Active,https://www.gamerpower.com/giveaway-alerts-chrome-extension,https://www.gamerpower.com/open/giveaway-alerts-chrome-extension
2394,World of Tanks: Starter Pack Giveaway,0,"Claim your free World of Tanks: Starter Pack and dive into the action fully equipped! Each pack unlocks a Tier II Premium tank, 3 days of Premium Account, 1 Garage slot and 100% Trained Crew. Please note this Starter Pack is for new players only!","1. Click the ""Get Giveaway"" button.
2. The reward should be added automatically if you followed our link.
3. Enter the required information in the registration field.",https://www.gamerpower.com/open/world-of-tanks-starter-pack-giveaway,DLC,PC,0,2910,Active,https://www.gamerpower.com/world-of-tanks-starter-pack-giveaway,https://www.gamerpower.com/open/world-of-tanks-starter-pack-giveaway
2383,Dr. Kobushi's Labyrinthine Laboratory (itch.io) Giveaway,$9.99,Score Dr. Kobushi's Labyrinthine Laboratory for free on itch.io! Dr. Kobushi's Labyrinthine Laboratory is a challenging puzzle game over 100 puzzles and innovative puzzle mechanics. Check it out!,"1. Click the button ""Download or Claim"" before the offer expires.
2. Login into your itch.io account to access the game.",https://www.gamerpower.com/open/dr-kobushi-s-labyrinthine-laboratory-itch-io-giveaway,Game,"PC, Itch.io, DRM-Free",0,5920,Active,https://www.gamerpower.com/dr-kobushi-s-labyrinthine-laboratory-itch-io-giveaway,https://www.gamerpower.com/open/dr-kobushi-s-labyrinthine-laboratory-itch-io-giveaway
2373,World of Warships: Free $15 Package,$15.00,"Select a free package with lots of in-game items, credits, free XP and doubloons (around $15 value) plus an extra ship! Please note this offer is for new players only!","1. Click the ""Get Giveaway"" button and select your favorite package.
2. The code should be added automatically if you followed our link.
3. Enter the required information in the registration field.",https://www.gamerpower.com/open/world-of-warships-free-15-package,DLC,PC,0,8560,Active,https://www.gamerpower.com/world-of-warships-free-15-package,https://www.gamerpower.com/open/world-of-warships-free-15-package
2363,Dragon And Home: Currency Pack Key Giveaway,0,"Claim your free Dragon And Home: Currency Pack Key and unlock 500 White Dragonites (In-game currency), 2 Vigor Potions and 1 Collar (Used to capture a mount)!","1. Log in or register to your free Alienware Arena account.
2. Click the button to unlock your key and follow the giveaway instructions.",https://www.gamerpower.com/open/dragon-and-home-currency-pack-key-giveaway,DLC,"PC, Android, iOS",0,1030,Active,https://www.gamerpower.com/dragon-and-home-currency-pack-key-giveaway,https://www.gamerpower.com/open/dragon-and-home-currency-pack-key-giveaway
2361,UpperGamer: Beta Key Giveaway,0,The GamerPower team is building something new and you can score a free beta access key! UpperGamer is a unique gaming news manager with game-like gameplay features! Don't miss it!,"1. Login into your free MMOBomb account and click the button to unlock your key.
2. Follow the giveaway instructions to redeem your key.",https://www.gamerpower.com/open/uppergamer-free-beta-keys,Early Access,PC,0,1330,Active,https://www.gamerpower.com/uppergamer-free-beta-keys,https://www.gamerpower.com/open/uppergamer-free-beta-keys
2358,Star Trek Online: Tholian Incursion Pack Key Giveaway,0,"Claim your free Star Trek Online: Tholian Incursion Pack Key and unlock a EV Tholian Toy, Tholian Crystalline Sword and 1 Elite Service Pack.","1. Log in or register to your free Alienware Arena account.
2. Click the button to unlock your key and follow the giveaway instructions.",https://www.gamerpower.com/open/star-trek-online-tholian-incursion-pack-key-giveaway,DLC,PC,0,3160,Active,https://www.gamerpower.com/star-trek-online-tholian-incursion-pack-key-giveaway,https://www.gamerpower.com/open/star-trek-online-tholian-incursion-pack-key-giveaway
2347,Pixel Starships: Free 200 Starbux Keys,0,Grab your free Pixel Starships key and unlock 200 Starbux (premium in-game currency)!,"1. Login into your free MMOBomb account and click the button to unlock your key.
2. Follow the giveaway instructions to redeem your key.",https://www.gamerpower.com/open/pixel-starships-free-200-starbux-keys,DLC,"PC, Android, iOS",0,1360,Active,https://www.gamerpower.com/pixel-starships-free-200-starbux-keys,https://www.gamerpower.com/open/pixel-starships-free-200-starbux-keys
2341,Age of Wonders 4: Special Godir Helmet Steam Key Giveaway,0,Claim your free Age of Wonders 4: Special Godir Helmet Steam Key! To grab a key you just need to subscribe to their newsletter! That's it! Please note the base game Age of Wonders 4 is required to enjoy this DLC content.,"1. Subscribe to their newsletter and grab your Steam key.
2. Launch the Steam client and click the Games menu option.
3. Choose ""activate a Product on Steam"" to redeem your Steam key.",https://www.gamerpower.com/open/age-of-wonders-4-special-godir-helmet-steam-key-giveaway,DLC,"PC, Steam",0,3390,Active,https://www.gamerpower.com/age-of-wonders-4-special-godir-helmet-steam-key-giveaway,https://www.gamerpower.com/open/age-of-wonders-4-special-godir-helmet-steam-key-giveaway
2340,Splitgate: Guardian Invictus Pack Key Giveaway,0,"Claim your free Splitgate: Guardian Invictus Pack Key and unlock the Guardian Invictus character skin, the Invictus Portal Gun, plus the Invictus Jetpack, which have never been available until now!","1. Log in or register to your free Alienware Arena account.
2. Click the button to unlock your key and follow the giveaway instructions.",https://www.gamerpower.com/open/splitgate-guardian-invictus-pack-key-giveaway,DLC,PC,0,1730,Active,https://www.gamerpower.com/splitgate-guardian-invictus-pack-key-giveaway,https://www.gamerpower.com/open/splitgate-guardian-invictus-pack-key-giveaway
417,Genshin Impact Free Primogems Code (Updated!),0,"Claim your free code for Genshin Impact and receive Primogems at no cost! Each code unlocks 50 Primogems plus more! Please note that you need to be at least Rank 10 to use these codes. Redeem your code now before expires!

New Codes:
GA9FPD42SJ4V - (60 Primogems + 5 Adventurer's Experience)
GS6ACJ775KNV - (60 Primogems & 10,000 Mora)
GENSHINGIFT - (50 Primogems)","1. Click the ""Get loot button"" and create your Genshin Impact account.
2. Start the game and reach adventure Rank 10 before using these codes.
3. Then go to the Genshin Impact website and click the ""Redeem Code"" at the top menu and insert your code.

*Please note this codes will expire soon, and will only work on the PC and mobile versions.",https://www.gamerpower.com/open/genshin-impact-free-primogems-codes,DLC,"PC, Playstation 4, Android, iOS",0,46830,Active,https://www.gamerpower.com/genshin-impact-free-primogems-codes,https://www.gamerpower.com/open/genshin-impact-free-primogems-codes
2318,Dinogen Online Survival Bundle Key Giveaway,0,Claim your free Dinogen Online Survival Bundle Key and get in-game items for Dinogen Online. Each key unlocks 15 Shards (in-game currency) and 31/31 Support Items.,"1. Log in or register to your free Alienware Arena account.
2. Click the button to unlock your key and follow the giveaway instructions.",https://www.gamerpower.com/open/dinogen-online-survival-bundle-key-giveaway,DLC,PC,0,2100,Active,https://www.gamerpower.com/dinogen-online-survival-bundle-key-giveaway,https://www.gamerpower.com/open/dinogen-online-survival-bundle-key-giveaway
2294,Drunken Fight Simulator (Indiegala) Giveaway,$3.99,"Why play Street Fighter 6 when you can grab Drunken Fight Simulator for free? Drunken Fight Simulator is a fighting simulation game with ""realistic physics"".","1. Login into your free IndieGala account.
2. Scroll down and click the ""Add to Your Library"" button to add the game to your library.
3. Go to ""My Library"" to find your game.",https://www.gamerpower.com/open/drunken-fight-simulator-indiegala-giveaway,Game,"PC, DRM-Free",0,7790,Active,https://www.gamerpower.com/drunken-fight-simulator-indiegala-giveaway,https://www.gamerpower.com/open/drunken-fight-simulator-indiegala-giveaway
2292,Evolvedustry (itch.io) Giveaway,$5.00,Grab Evolvedustry for free on Itchio! Evolvedustry is a indie tower defense game where you build your factory as creatures from other worlds siege your empire.,"1. Click the button ""Download or Claim"" before the offer expires.
2. Login into your itch.io account to access the game.",https://www.gamerpower.com/open/evolvedustry-itch-io-giveaway,Game,"PC, Itch.io",0,6500,Active,https://www.gamerpower.com/evolvedustry-itch-io-giveaway,https://www.gamerpower.com/open/evolvedustry-itch-io-giveaway
2286,Brawlhalla: Hraesvelgr's Eyes Blasters Weapon Skin Key Giveaway,0,Claim your free Hraesvelgr's Eyes Blasters Weapon Skin Key for Brawlhalla!,"1. Complete all steps to unlock your key
2. To redeem your key, go to the in-game store
3. Then type your code into ""Redeem Code"" at the bottom",https://www.gamerpower.com/open/brawlhalla-hraesvelgr-s-eyes-blasters-weapon-skin-key-giveaway,DLC,"PC, Xbox Series X|S, Playstation 4, Xbox One, Nintendo Switch, Android, iOS",0,3180,Active,https://www.gamerpower.com/brawlhalla-hraesvelgr-s-eyes-blasters-weapon-skin-key-giveaway,https://www.gamerpower.com/open/brawlhalla-hraesvelgr-s-eyes-blasters-weapon-skin-key-giveaway
1447,Black Desert Online Kuku Pet Key Giveaway,0,Claim your free Black Desert Online Kuku Pet Key today!,"1. Log in or register to your free Alienware Arena account.
2. Click the button to unlock your key and follow the giveaway instructions.",https://www.gamerpower.com/open/black-desert-online-kuku-pet-key-giveaway,DLC,PC,0,6260,Active,https://www.gamerpower.com/black-desert-online-kuku-pet-key-giveaway,https://www.gamerpower.com/open/black-desert-online-kuku-pet-key-giveaway
2270,Century: Age of Ashes - Hvordenor Scarps Pack Giveaway,0,"Grab your free Century: Age of Ashes - Hvordenor Scarps Pack and unlock a Hvordenor Scarps Dragon, 1,000 Iron Coins, and a 14-Day Double XP Booster.","1. Login into your free Alienware Arena account and click the button to unlock your key.
2. Follow the giveaway instructions to redeem your key.",https://www.gamerpower.com/open/century-age-of-ashes-hvordenor-scarps-pack-giveaway,DLC,PC,0,3650,Active,https://www.gamerpower.com/century-age-of-ashes-hvordenor-scarps-pack-giveaway,https://www.gamerpower.com/open/century-age-of-ashes-hvordenor-scarps-pack-giveaway
905,Free Larger Than Light (itch.io) Giveaway,$5.00,Grab Larger Than Light for free on itch.io!  Larger Than Light is a 2.5D puzzle platform game with fully voiced dialogue. Download now!,"1. Click the button ""Download or Claim"" before the offer expires.
2. Login into your itch.io account to access the game.",https://www.gamerpower.com/open/free-larger-than-light,Game,"PC, Itch.io, DRM-Free",0,21230,Active,https://www.gamerpower.com/free-larger-than-light,https://www.gamerpower.com/open/free-larger-than-light
2254,World of Tanks: Free Supplies Pack (Steam),0,"Get your free World of Tanks: Free Supplies Pack via Steam and unlock 150,000 credits, 3 days of WoT Premium Account and much more!","1. Download this pack directly via Steam before expires.
2. Please note the base game World of Tanks (free-to-play) is required to enjoy this content.",https://www.gamerpower.com/open/world-of-tanks-free-supplies-pack-steam,DLC,"PC, Steam",2023-02-22 23:59:00,5700,Active,https://www.gamerpower.com/world-of-tanks-free-supplies-pack-steam,https://www.gamerpower.com/open/world-of-tanks-free-supplies-pack-steam
2253,World of Warplanes: Curtiss XP-31 Pack (Steam),0,"Claim your free World of Warplanes: Curtiss XP-31 Pack on Steam and unlock the American Curtiss XP-31 Tier II premium fighter. In addition, you will receive 3 days of Premium account, a stock of supply crates and a thematic emblem that gives a bonus.","1. Download this pack directly via Steam before expires.
2. Please note the base game World of Warplanes (free-to-play) is required to enjoy this content.",https://www.gamerpower.com/open/world-of-warplanes-curtiss-xp-31-pack-steam,DLC,"PC, Steam",0,4820,Active,https://www.gamerpower.com/world-of-warplanes-curtiss-xp-31-pack-steam,https://www.gamerpower.com/open/world-of-warplanes-curtiss-xp-31-pack-steam
2222,Fangs Heroic Founder's Pack Key Giveaway,0,"Score Fangs Heroic Founder's Pack Key and unlock lots of in-game items for Fangs including 14 Heroes, 1,000 Realm Gold, Season Zero Battle Pass and much more!","1. Login into your free Alienware Arena account and click the button to unlock your key.
2. Follow the giveaway instructions to redeem your key (Please note the key must be redeemed in-game).",https://www.gamerpower.com/open/fangs-heroic-founder-s-pack-key-giveaway,DLC,"PC, Steam, Epic Games Store",0,5570,Active,https://www.gamerpower.com/fangs-heroic-founder-s-pack-key-giveaway,https://www.gamerpower.com/open/fangs-heroic-founder-s-pack-key-giveaway
2204,Dual Chroma: Academy Carols (itch.io) Giveaway,$2.00,"Grab Dual Chroma: Academy Carols for free on itch.io! Dual Chroma: Academy Carols is a slice-of-life Visual Novel. Check it out, If you are a fan of this type of game!","1. Click the button ""Download or Claim"" before the offer expires.
2. Login into your itch.io account to access the game.",https://www.gamerpower.com/open/dual-chroma-academy-carols-itch-io-giveaway,Game,"PC, Itch.io, DRM-Free",0,8700,Active,https://www.gamerpower.com/dual-chroma-academy-carols-itch-io-giveaway,https://www.gamerpower.com/open/dual-chroma-academy-carols-itch-io-giveaway
2066,Wizard101 Inspiring Retro Gear Key Giveaway,0,Claim your free Wizard101 Inspiring Retro Gear Key and unlock a stylish new gear set!,"1. Login into your free Alienware Arena account and click the button to unlock your code.
2. Follow the giveaway instructions to redeem your code.",https://www.gamerpower.com/open/wizard101-inspiring-retro-gear-key-giveaway,DLC,PC,0,4450,Active,https://www.gamerpower.com/wizard101-inspiring-retro-gear-key-giveaway,https://www.gamerpower.com/open/wizard101-inspiring-retro-gear-key-giveaway
2026,Genshin Impact 30 Primogems (v3.2) Key Giveaway,0,Claim your free Genshin Impact 30 Primogems Key! Please note the 30 Primogems key can only be redeemed once per account on v3.2 (with Adventure Rank 10 and higher).,"1. Login into your free Alienware Arena account and click the button to unlock your code.
2. Follow the giveaway instructions to redeem your code.",https://www.gamerpower.com/open/genshin-impact-30-primogems-v3-2-key-giveaway,DLC,"PC, Playstation 5, Playstation 4, Android, iOS",0,7630,Active,https://www.gamerpower.com/genshin-impact-30-primogems-v3-2-key-giveaway,https://www.gamerpower.com/open/genshin-impact-30-primogems-v3-2-key-giveaway
2007,Ghost of Tomorrow: Chapter 1,$3.00,Grab Ghost of Tomorrow: Chapter 1 for free on itch.io! Ghost of Tomorrow is a psychological-horror first-person game. Check it out!,"1. Click the button ""Download or Claim"" before the offer expires.
2. Login into your itch.io account to access the game.",https://www.gamerpower.com/open/ghost-of-tomorrow-chapter-1,Game,"PC, Itch.io, DRM-Free",0,10600,Active,https://www.gamerpower.com/ghost-of-tomorrow-chapter-1,https://www.gamerpower.com/open/ghost-of-tomorrow-chapter-1
1990,Guild Wars 2 Toy Mini-Egg Key Giveaway,0,"Grab your free Guild Wars 2 Toy Mini-Egg Key and unlock 2 Toy Mini-Eggs! Each Egg contains one random collectible mini from sets 1, 2, or 3. Minis can also be used in some Mystic Forge recipes.","1. Login into your free Alienware Arena account and click the button to unlock your code.
2. Follow the giveaway instructions to redeem your code.",https://www.gamerpower.com/open/guild-wars-2-toy-mini-egg-key-giveaway,DLC,PC,0,5110,Active,https://www.gamerpower.com/guild-wars-2-toy-mini-egg-key-giveaway,https://www.gamerpower.com/open/guild-wars-2-toy-mini-egg-key-giveaway
1980,King of Avalon Code,0,"Claim the King of Avalon Code below and unlock lots of in-game items including speedup boosters, EXP, and much more!

CODE: PLAYKOAONPC","1 - Click the get button and install the game
2 - Open the game, click on the player avatar at the top left corner of the screen
3 - Click on the gift codes button and enter the code.",https://www.gamerpower.com/open/king-of-avalon-code,DLC,"PC, Android, iOS",0,3810,Active,https://www.gamerpower.com/king-of-avalon-code,https://www.gamerpower.com/open/king-of-avalon-code
1978,Dead by Daylight Codes,0,"Are you looking for Dead by Daylight Codes? Today is your lucky day, grab lots Dead by Daylight Codes and unlock Bloodpoints, Shards, Rift Fragments, Charms and more. We are constantly updating those codes so check them out.","1. Click the get button to access the coupon codes list provided by our sister site GamerCoins.
2. Redeem all the codes instantly! It's that easy!",https://www.gamerpower.com/open/dead-by-daylight-codes,DLC,"PC, Playstation 5, Xbox Series X|S, Playstation 4, Xbox One, Nintendo Switch",0,16260,Active,https://www.gamerpower.com/dead-by-daylight-codes,https://www.gamerpower.com/open/dead-by-daylight-codes
1890,Minecraft: Peace Builders (DLC),0,Claim your Minecraft: Peace Builders (DLC) for free and join an adventure to build and protect peace around the globe.,"1. Open up the Marketplace on your favorite device and download the pack.
2. Have fun!",https://www.gamerpower.com/open/minecraft-peace-builders-dlc,DLC,"PC, Playstation 4, Xbox One, Nintendo Switch, Android, iOS",0,7640,Active,https://www.gamerpower.com/minecraft-peace-builders-dlc,https://www.gamerpower.com/open/minecraft-peace-builders-dlc
1867,Call of Duty: Warzone KF Weapon Charm Key Giveaway,0,Claim your free KF Weapon Charm Key for Call of Duty: Warzone and jump into the action in style!,"1. Download and Install the Steelseries GG software.
2. Log in to the app, go to the ""Giveaway"" section and click the button to unlock your key.
3. Follow the giveaway instructions to redeem your key.",https://www.gamerpower.com/open/call-of-duty-warzone-kf-weapon-charm-key-giveaway,DLC,PC,0,8620,Active,https://www.gamerpower.com/call-of-duty-warzone-kf-weapon-charm-key-giveaway,https://www.gamerpower.com/open/call-of-duty-warzone-kf-weapon-charm-key-giveaway
1866,Dead by Daylight: Free 100k Bloodpoints Key,0,Claim your free 100.000 Bloodpoints key for Dead by Daylight and jump into the action! You just need to install the Steelseries GG software to claim your key!,"1. Download and Install the Steelseries GG software.
2. Log in to the app, go to the ""Giveaway"" section and click the button to unlock your key.
3. Start the game and redeem the code in-game by going to the Store, clicking ""Redeem"" and enter your code.",https://www.gamerpower.com/open/dead-by-daylight-free-100k-bloodpoints-key,DLC,PC,0,8580,Active,https://www.gamerpower.com/dead-by-daylight-free-100k-bloodpoints-key,https://www.gamerpower.com/open/dead-by-daylight-free-100k-bloodpoints-key
1852,Wigmund Companion Key Giveaway,0,"Claim your free Companion Key for Wigmund and unlock x1 Guardian Angel Arael, a companion that heals your character. Please note the base game Wigmund is required to enjoy this content.","1. Log in or register to your free Alienware Arena account.
2. Click the button to unlock your key and follow the giveaway instructions to redeem your key.",https://www.gamerpower.com/open/wigmund-companion-key-giveaway,DLC,PC,0,5510,Active,https://www.gamerpower.com/wigmund-companion-key-giveaway,https://www.gamerpower.com/open/wigmund-companion-key-giveaway
1836,Realm Royale - We're Bok! Bundle DLC (Steam),0,"To Celebrate the relaunch of Realm Royale Reforged you can grab the Realm Royale We're Bok! Bundle DLC, free for a limited time via Steam! This bundle unlocks the Khale the Divine Mage Skin and the Lucy-Purr Chicken Skin.","1. Download this DLC directly via Steam before the offer expires.
2. Please note the base game Realm Royale Reforged (free-to-play) is required to enjoy this DLC content.",https://www.gamerpower.com/open/realm-royale-we-re-bok-bundle-dlc-steam,DLC,"PC, Steam",0,6620,Active,https://www.gamerpower.com/realm-royale-we-re-bok-bundle-dlc-steam,https://www.gamerpower.com/open/realm-royale-we-re-bok-bundle-dlc-steam
1834,Leaf Blower Revolution: 400 Gems Keys Giveaway,0,Claim your free Leaf Blower Revolution Gems Key and unlock x400 In-Game Gems for Leaf Blower Revolution!,"1. Log in or register to your free Alienware Arena account.
2. Click the button to unlock your key and follow the giveaway instructions to redeem your key.",https://www.gamerpower.com/open/leaf-blower-revolution-400-gems-keys-giveaway,DLC,"PC, Android",0,5220,Active,https://www.gamerpower.com/leaf-blower-revolution-400-gems-keys-giveaway,https://www.gamerpower.com/open/leaf-blower-revolution-400-gems-keys-giveaway
1827,World of Rune Gift Pack Codes Giveaway,0,"Claim your free World of Rune Gift Pack Code and unlock several in-game items including 5 Shiny Star Stone Chests, 20 Enhance Stones and more!","1. Login into your free MMOBomb account and click the button to unlock your key.
2. Follow the giveaway instructions to redeem your key.",https://www.gamerpower.com/open/world-of-rune-gift-pack-codes-giveaway,DLC,PC,0,4640,Active,https://www.gamerpower.com/world-of-rune-gift-pack-codes-giveaway,https://www.gamerpower.com/open/world-of-rune-gift-pack-codes-giveaway
1812,Untrusted Starter Pack Key Giveaway,0,Claim your free Untrusted Starter Pack Key and unlock x5000 In-game Coins plus 1 Exclusive Spearphisher Hallucination avatar.,"1. Login into your free Alienware account and click the button to unlock your key.
2. Follow the giveaway instructions to redeem your key.",https://www.gamerpower.com/open/untrusted-starter-pack-key-giveaway,DLC,PC,0,5060,Active,https://www.gamerpower.com/untrusted-starter-pack-key-giveaway,https://www.gamerpower.com/open/untrusted-starter-pack-key-giveaway
1796,Rocket League Live Bundle Pack Code,0,"Claim your free Rocket League Live Bundle Pack and unlock in-game items for Rocket League! Each pack unlocks an RLCS Theme, Hustle Brows, Aero Mage: Hatch and Neon Runner. This code is time-limited so grab it now!","1. Click the get button to access all the coupon codes list provided by our sister site GamerCoins.
2. Redeem all the codes!",https://www.gamerpower.com/open/rocket-league-live-bundle-pack-code,DLC,"PC, Playstation 5, Xbox Series X|S, Playstation 4, Xbox One, Nintendo Switch",0,9210,Active,https://www.gamerpower.com/rocket-league-live-bundle-pack-code,https://www.gamerpower.com/open/rocket-league-live-bundle-pack-code
1604,Dora Diginoid: Metroidvania sci-fi adventure game,$6.00,Grab Dora Diginoid for free on itch.io! Dora Diginoid is an indie Metroidvania sci-fi adventure game where you explore the base 17.,"1. Click the button ""Download or Claim"" before the offer expires.
2. Login into your itch.io account to access the game.",https://www.gamerpower.com/open/dora-diginoid-metroidvania-sci-fi-adventure-game,Game,"PC, Itch.io, DRM-Free",0,12840,Active,https://www.gamerpower.com/dora-diginoid-metroidvania-sci-fi-adventure-game,https://www.gamerpower.com/open/dora-diginoid-metroidvania-sci-fi-adventure-game
1599,DarkStory Online Gift Box Key Giveaway,0,"Claim your free DarkStory Online Gift Box Key and enter the world of DarkStory Online with free in-game loot! Each gift box unlocks 1 Cthulhu Hat, 1 Crococha's Armor, 1 Umba Cape, 1 Dark Spirit and 1 Amber!","1. Login into your free Alienware account and click the button to unlock your key.
2. Follow the giveaway instructions to redeem your key.",https://www.gamerpower.com/open/darkstory-online-gift-box-key-giveaway,DLC,PC,0,4660,Active,https://www.gamerpower.com/darkstory-online-gift-box-key-giveaway,https://www.gamerpower.com/open/darkstory-online-gift-box-key-giveaway
1584,A3: Still Alive Coupon Codes,0,"Grab these A3: Still Alive Coupon Codes before they expire and unlock several in-game items for A3: Still Alive including Blue Diamond x 500, Soul Linker Wish Summon Currency x 100 and much more!","1. Click the get button to access the coupon codes list provided by our sister site GamerCoins.
2. Redeem all the codes!",https://www.gamerpower.com/open/a3-still-alive-coupon-codes,DLC,"PC, Android, iOS",0,5550,Active,https://www.gamerpower.com/a3-still-alive-coupon-codes,https://www.gamerpower.com/open/a3-still-alive-coupon-codes
1581,Black Desert Mobile Coupon Codes,0,"Grab these NEW free coupon codes for Black Desert Mobile and unlock lots of free in-game Rewards including Ancient Gold Coin, Cursed Pirate Island Pass, Restoration Scroll, and much more!","1. Click the get button to access the coupon codes list provided by our sister site GamerCoins.
2. Redeem all the codes!",https://www.gamerpower.com/open/black-desert-mobile-coupon-codes,DLC,"Android, iOS",2022-08-15 23:59:00,4260,Active,https://www.gamerpower.com/black-desert-mobile-coupon-codes,https://www.gamerpower.com/open/black-desert-mobile-coupon-codes
1577,GamerCoins Early Access,0,"We are excited to announce that we are currently working on a new project titled GamerCoins.

GamerCoins is your new home for game codes, coupons, and other gaming perks. But more than that, we are trying to bring everything to another level.

Please note this is still work in progress. If you like it, share it with your friends, that would mean a lot to us. ","1. GamerCoins is currently in beta but everyone can access it without restrictions.
2. If you find any bugs please let us know at contact@gamercoins.com",https://www.gamerpower.com/open/gamercoins-early-access,Early Access,PC,0,5370,Active,https://www.gamerpower.com/gamercoins-early-access,https://www.gamerpower.com/open/gamercoins-early-access
1545,Neverwinter: Dragonslayer - Moon Elf Race Key Giveaway,0,Claim your free Neverwinter: Dragonslayer - Moon Elf Race Key and join the Neverwinter world with a Moon Elf character.,"1. Log in or register to your free Alienware Arena account.
2. Click the button to unlock your key and follow the giveaway instructions.",https://www.gamerpower.com/open/neverwinter-dragonslayer-moon-elf-race-key-giveaway,DLC,PC,2024-12-31 23:59:00,9470,Active,https://www.gamerpower.com/neverwinter-dragonslayer-moon-elf-race-key-giveaway,https://www.gamerpower.com/open/neverwinter-dragonslayer-moon-elf-race-key-giveaway
1531,GamerPower Mobile App,0,"The GamerPower Team is pleased to announce the beta launch of the GamerPower App, a new mobile app available via the Google Play store and App Store. We are trying to build something really special, the GamerPower App was built from the ground up using the latest tech to deliver the best giveaways in gaming directly to your mobile device.

Give it a try, leave us a review and share it with your friends, that would mean a lot to us. Please note the App is still in development and new features are coming. The GamerPower App will also be coming to iOS devices in the near future.","1. Download directly via the App Store or Google Play Store.
2. Give it a try, leave us a review and share it with your friends, that would mean a lot to us.",https://www.gamerpower.com/open/gamerpower-mobile-app,Early Access,Android,0,2860,Active,https://www.gamerpower.com/gamerpower-mobile-app,https://www.gamerpower.com/open/gamerpower-mobile-app
1509,Aion: Classic - Lodas' Lucky Charm Key Giveaway,0,Claim your free Aion: Classic - Lodas' Lucky Charm Key and unlock 5 Lodas' Lucky Charm! Each Lucky Charm will increase the chance of obtaining loot from creatures by 15%! Please note this giveaway is not available in some countries.,"1. Log in or register to your free Alienware Arena account.
2. Click the button to unlock your key and follow the giveaway instructions.",https://www.gamerpower.com/open/aion-classic-lodas-lucky-charm-key-giveaway,DLC,PC,0,4410,Active,https://www.gamerpower.com/aion-classic-lodas-lucky-charm-key-giveaway,https://www.gamerpower.com/open/aion-classic-lodas-lucky-charm-key-giveaway
1500,Desert Operations Pack Key Giveaway,0,"Claim your free Desert Operations Starter Pack Key and unlock several in-game items including 4000 Diamonds and more! Please note these keys are valid for new accounts only, no older than 30 days.","1. Login into your free MMOBomb account and click the button to unlock your key.
2. Follow the giveaway instructions to redeem your key.",https://www.gamerpower.com/open/desert-operations-pack-key-giveaway,DLC,PC,0,5210,Active,https://www.gamerpower.com/desert-operations-pack-key-giveaway,https://www.gamerpower.com/open/desert-operations-pack-key-giveaway
1498,Thunder League Online: Free Points Key Giveaway,0,"Grab a free Thunder League Online bundle of 1,000 Thunder Points (in-game currency). Thunder Points can be used to purchase anything from the in-game shop!","1. Login into your free Alienware account and click the button to unlock your key.
2. Follow the giveaway instructions to redeem your key.",https://www.gamerpower.com/open/thunder-league-online-free-points-key-giveaway,DLC,"PC, Steam",0,7850,Active,https://www.gamerpower.com/thunder-league-online-free-points-key-giveaway,https://www.gamerpower.com/open/thunder-league-online-free-points-key-giveaway
1491,Blade And Soul Glittering Wonders Pack Key Giveaway,0,"Claim your free Blade And Soul Glittering Wonders Pack Key and unlock several in-game items including: Sacred Vial (x2), Pet Pack (x2), Fusion Stone (x5), and Skystealer Crystal Chest (x5). Please note this giveaway may not be available in some countries.","1. Login into your free Alienware account and click the button to unlock your key.
2. Follow the giveaway instructions to redeem your key.",https://www.gamerpower.com/open/blade-and-soul-glittering-wonders-pack-key-giveaway,DLC,PC,0,5440,Active,https://www.gamerpower.com/blade-and-soul-glittering-wonders-pack-key-giveaway,https://www.gamerpower.com/open/blade-and-soul-glittering-wonders-pack-key-giveaway
1446,Killsquad Skin Pack Steam Key Giveaway,0,Claim your free Killsquad Skin Pack Steam Key and unlock unique SteelSeries Heroes Skins for Killsquad! Please note the base game is required.,"1. Log in to your free Seelseries account and click the button to unlock your key.
2. Launch the Steam client and click the Games menu option.
3. Choose ""activate a Product on Steam"" to redeem your key (Base game required).",https://www.gamerpower.com/open/killsquad-skin-pack-steam-key-giveaway,DLC,"PC, Steam",0,6370,Active,https://www.gamerpower.com/killsquad-skin-pack-steam-key-giveaway,https://www.gamerpower.com/open/killsquad-skin-pack-steam-key-giveaway
1442,Midnight Ghost Hunt: Lars the Troll Steam Key Giveaway,0,Claim your free Midnight Ghost Hunt Exclusive Lars the Troll In-Game Item Key (Steam) and add Lars the Troll to your collection! Please note the base game Midnight Ghost Hunt is required to enjoy this DLC content.,"1. Log in to your free Seelseries account and click the button to unlock your key.
2. Launch the Steam client and click the Games menu option.
3. Choose ""activate a Product on Steam"" to redeem your key.",https://www.gamerpower.com/open/midnight-ghost-hunt-lars-the-troll-steam-key-giveaway,DLC,"PC, Steam",0,11150,Active,https://www.gamerpower.com/midnight-ghost-hunt-lars-the-troll-steam-key-giveaway,https://www.gamerpower.com/open/midnight-ghost-hunt-lars-the-troll-steam-key-giveaway
1432,Dying Light 2: Wyvern Paraglider Skin,0,Claim your free Dying Light 2: Wyvern Paraglider Skin! Please note the base game Dying Light 2 is required to enjoy this content.,"1. Scroll down and click the claim button
2. Login or register your free TechlandGG account.",https://www.gamerpower.com/open/dying-light-2-wyvern-paraglider-skin,DLC,"PC, Epic Games Store, Playstation 5, Xbox Series X|S, Playstation 4, Xbox One",0,9270,Active,https://www.gamerpower.com/dying-light-2-wyvern-paraglider-skin,https://www.gamerpower.com/open/dying-light-2-wyvern-paraglider-skin
1424,Minecraft: Croco Island (DLC),0,"Score Minecraft: Croco Island (DLC) for free and explore this tropical Lacoste theme park! The DLC features a tennis court, a parkour course, a minigame, a scavenger hunt, and a giant crocodile. This DLC is available until December 31, 2022.","1. Open up the Marketplace on your favorite device and download the pack.
2. Have fun!",https://www.gamerpower.com/open/minecraft-croco-island-dlc,DLC,"PC, Playstation 4, Xbox One, Nintendo Switch, Android, iOS",2022-12-31 23:59:00,7380,Active,https://www.gamerpower.com/minecraft-croco-island-dlc,https://www.gamerpower.com/open/minecraft-croco-island-dlc
1396,World of Warships Bonus Key Giveaway,0,"Claim your free World of Warships Bonus Key and unlock 3x Valentine's Day camouflages and 3x Blue Digital camouflages. Please note these keys are valid until June 11th, 2022.","1. Login into your Alienware account and click the button to unlock your key.
2. Follow the giveaway instructions to redeem your key.",https://www.gamerpower.com/open/world-of-warships-bonus-key-giveaway,DLC,PC,2022-06-11 23:59:00,6430,Active,https://www.gamerpower.com/world-of-warships-bonus-key-giveaway,https://www.gamerpower.com/open/world-of-warships-bonus-key-giveaway
1375,Neverwinter Dragon Roar Pack Key Giveaway,0,"Claim your free Neverwinter Dragon Roar Pack Key and unlock a Dragon Roar Emote, Reroll tokens and a Stone of Health!","1. Login into your Alienware account and click the button to unlock your key.
2. Follow the giveaway instructions to redeem your key.",https://www.gamerpower.com/open/neverwinter-dragon-roar-pack-key-giveaway,DLC,PC,0,9920,Active,https://www.gamerpower.com/neverwinter-dragon-roar-pack-key-giveaway,https://www.gamerpower.com/open/neverwinter-dragon-roar-pack-key-giveaway
1364,Black Desert Mobile Outfit Pack Key Giveaway,0,Claim your Black Desert Mobile Outfit Pack Key (App Store and Google Play Store) and unlock an Armor Outfit Chest and Weapon Outfit Chest.,"1. Login into your free Steelseries account and click the button to unlock your key.
2. Follow the giveaway instructions to redeem your key.",https://www.gamerpower.com/open/black-desert-mobile-outfit-pack-key-giveaway,DLC,"Android, iOS",0,5080,Active,https://www.gamerpower.com/black-desert-mobile-outfit-pack-key-giveaway,https://www.gamerpower.com/open/black-desert-mobile-outfit-pack-key-giveaway
1293,Fatal Core S-Rank Foil Card Pack Key Giveaway,0,Claim your free Fatal Core S-Rank Foil Card Pack Key and unlock 3 S-Rank Foil cards to add to your collection!,"1. Complete all steps to unlock your key.
2. Follow the giveaway instructions to redeem your key.",https://www.gamerpower.com/open/fatal-core-s-rank-foil-card-pack-key-giveaway,DLC,PC,0,4940,Active,https://www.gamerpower.com/fatal-core-s-rank-foil-card-pack-key-giveaway,https://www.gamerpower.com/open/fatal-core-s-rank-foil-card-pack-key-giveaway
1268,Doomtrooper CCG Card Pack Key Giveaway,0,Claim your free Doomtrooper CCG Card Pack Key and unlock 5 free packs and a card back for Doomtrooper CCG!,"1. Login into your free Alienware account and click the button to unlock your key.
2. Follow the giveaway instructions to redeem your key.",https://www.gamerpower.com/open/doomtrooper-ccg-card-pack-key-giveaway,DLC,PC,0,4840,Active,https://www.gamerpower.com/doomtrooper-ccg-card-pack-key-giveaway,https://www.gamerpower.com/open/doomtrooper-ccg-card-pack-key-giveaway
1267,Firestone Loot Pack Key Giveaway,0,"Claim your free Firestone Loot Pack Key and unlock several in-game items for Firestone! Each pack includes 100 Gems (Premium currency), 10 Common chests, and much more! Please note you must reach level 5 to unlock your key.","1. Login into your free Alienware account and click the button to unlock your key.
2. Follow the giveaway instructions to redeem your key.",https://www.gamerpower.com/open/firestone-loot-pack-key-giveaway,DLC,PC,0,4550,Active,https://www.gamerpower.com/firestone-loot-pack-key-giveaway,https://www.gamerpower.com/open/firestone-loot-pack-key-giveaway
1266,Dead Frontier 2 Survivor Starter Pack Key Giveaway,0,"Claim your Dead Frontier 2 Survivor Starter Pack Key and unlock lots of in-game items including a Survivor's Boomstick (Shotgun), Survivor's Stab Vest, and much more!","1. Login into your Alienware account and click the button to unlock your key.
2. Follow the giveaway instructions to redeem your key.",https://www.gamerpower.com/open/dead-frontier-2-survivor-starter-pack-key-giveaway,DLC,PC,0,16470,Active,https://www.gamerpower.com/dead-frontier-2-survivor-starter-pack-key-giveaway,https://www.gamerpower.com/open/dead-frontier-2-survivor-starter-pack-key-giveaway
1262,SMITE 3 Day Account Booster Key Giveaway,0,"Claim your SMITE 3 Day Account Booster Key and unlock more rewards while you play! Increase Favor gain by 100%, Increase account experience and Worshipper gain by 25% plus 30 Battle Pass Points each time a daily login reward is claimed!","1. Login into your Alienware account and click the button to unlock your key.
2. Follow the giveaway instructions to redeem your key.",https://www.gamerpower.com/open/smite-3-day-account-booster-key-giveaway,DLC,PC,0,5930,Active,https://www.gamerpower.com/smite-3-day-account-booster-key-giveaway,https://www.gamerpower.com/open/smite-3-day-account-booster-key-giveaway
1243,Storybook Brawl 100 Gems Key Giveaway,0,Claim your Storybook Brawl 100 Gems Key (in-game currency) and unlock heroes and skins for free!,"1. Login into your free Steelseries account and click the button to unlock your key.
2. Follow the giveaway instructions to redeem your key",https://www.gamerpower.com/open/storybook-brawl-100-gems-key-giveaway,DLC,PC,0,5470,Active,https://www.gamerpower.com/storybook-brawl-100-gems-key-giveaway,https://www.gamerpower.com/open/storybook-brawl-100-gems-key-giveaway
1231,Destiny 2: Be True Emblem Code,0,"Claim your Destiny 2: Be True Emblem Code for free! Find the code below and follow the instructions to redeem your Emblem code.

CODE: ML3-FD4-ND9","1. Navigate to the Destiny 2 code redemption page (click on the ""Get Loot"" button).
2. Choose your platform, sign in to your platform account, then just add your code and redeem it.",https://www.gamerpower.com/open/destiny-2-be-true-emblem-code,DLC,"PC, Steam, Playstation 5, Xbox Series X|S, Playstation 4, Xbox One",0,15570,Active,https://www.gamerpower.com/destiny-2-be-true-emblem-code,https://www.gamerpower.com/open/destiny-2-be-true-emblem-code
1214,"REVN 5,000 Credits Keys",0,"Claim your REVN 5,000 Credits Keys and unlock 5,000 Credits for free in the REVN game shop!","1. Complete all steps to unlock your key.
2. Follow the giveaway instructions to redeem your key in game.",https://www.gamerpower.com/open/revn-5-000-credits-keys,DLC,PC,0,5230,Active,https://www.gamerpower.com/revn-5-000-credits-keys,https://www.gamerpower.com/open/revn-5-000-credits-keys
1206,Neverwinter Fairy Whisperer Pack Keys,0,"Score your Neverwinter Fairy Whisperer Pack Key and unlock several in-game items for free including a Stone of Health, potions and more!","1. Login into your free Alienware account and click the button to unlock your key.
2. Follow the giveaway instructions to redeem your key.",https://www.gamerpower.com/open/neverwinter-fairy-whisperer-pack-keys,DLC,PC,0,9060,Active,https://www.gamerpower.com/neverwinter-fairy-whisperer-pack-keys,https://www.gamerpower.com/open/neverwinter-fairy-whisperer-pack-keys
1130,Minecraft: Seaside Story (DLC),0,"Claim your free Minecraft: Seaside Story (DLC) and go fishing, customize your boat, upgrade the island and discover amazing creatures in brand new ocean biomes!","1. Open up the Minecraft Marketplace on your device and download the skin pack before the offer expires.
2. That's it! Have fun!",https://www.gamerpower.com/open/minecraft-seaside-story-dlc,DLC,"PC, Playstation 4, Xbox One, Nintendo Switch, Android, iOS",0,9380,Active,https://www.gamerpower.com/minecraft-seaside-story-dlc,https://www.gamerpower.com/open/minecraft-seaside-story-dlc
1106,"Minecraft: Vibrant Adventurers Volume 1, 2 and 3",0,"Grab the The Vibrant Adventurers Volume 1, 2 and 3 for Minecraft. All links below.","Volume 1: https://www.minecraft.net/en-us/marketplace/pdp?id=0f794a67-ee3c-4c1b-8cb5-e354ca470684
Volume 2: https://www.minecraft.net/en-us/marketplace/pdp?id=969b3bb4-d91f-41ac-a326-39de169bcedd
Volume 3: https://www.minecraft.net/en-us/marketplace/pdp?id=005544b3-06de-4e52-aee2-9608a62a5107",https://www.gamerpower.com/open/minecraft-vibrant-adventurers-volume-1-2-and-3,DLC,"PC, Playstation 4, Nintendo Switch, Xbox 360, Android, iOS",0,6410,Active,https://www.gamerpower.com/minecraft-vibrant-adventurers-volume-1-2-and-3,https://www.gamerpower.com/open/minecraft-vibrant-adventurers-volume-1-2-and-3
1079,Minecraft: Emerald Tycoon,0,"Claim Minecraft: Emerald Tycoon for free and unlock zones, mounts, special items, and more!","1. Open up the Minecraft Marketplace on your device and download the skin pack before the offer expires.
2. That's it! Have fun!",https://www.gamerpower.com/open/minecraft-emerald-tycoon,DLC,"PC, Playstation 4, Xbox One, Nintendo Switch, Android, iOS",0,15210,Active,https://www.gamerpower.com/minecraft-emerald-tycoon,https://www.gamerpower.com/open/minecraft-emerald-tycoon
1055,Lightforce Ninja (itch.io) Giveaway,0,"Grab Lightforce Ninja for free on itch.io! Lightforce Ninja is a challenging indie game inspired by ""Jump King""! Download it now!","1. Click the button ""Download or Claim"" before the offer expires.
2. Login into your itch.io account to access the game.",https://www.gamerpower.com/open/lightforce-ninja,Game,"PC, Itch.io, DRM-Free",0,14770,Active,https://www.gamerpower.com/lightforce-ninja,https://www.gamerpower.com/open/lightforce-ninja
1030,Crowfall 10 day trial Key Giveaway,0,Claim your Crowfall 10 day trial Key and play for 10-days starting when you activate your key.,"1. Login into your free account and click the button to unlock your key.
2. Follow the giveaway instructions to redeem your key.",https://www.gamerpower.com/open/crowfall-10-day-trial-key-giveaway,Other,PC,2021-08-31 23:59:00,2360,Active,https://www.gamerpower.com/crowfall-10-day-trial-key-giveaway,https://www.gamerpower.com/open/crowfall-10-day-trial-key-giveaway
1018,Neverwinter: Jewel of the North | Scribe Pack Key,0,"Claim your Neverwinter: Jewel of the North Scribe Pack key and unlock several in-game items including The Scribe Title, Stone of Health, Portions and more!","1. Login into your free Alienware account and click the button to unlock your key.
2. Redeem your key on Arc Client (instructions on the giveaway page)",https://www.gamerpower.com/open/neverwinter-jewel-of-the-north-scribe-pack-key,DLC,PC,0,9720,Active,https://www.gamerpower.com/neverwinter-jewel-of-the-north-scribe-pack-key,https://www.gamerpower.com/open/neverwinter-jewel-of-the-north-scribe-pack-key
988,Crown: Neon Rox Skin Key Giveaway,0,"Claim your Crown Exclusive Neon Rox Skin Key! Please note you must redeem your key in-game, and not via Steam.","1. Login and click the button to unlock your key.
2. Follow the giveaway instructions to redeem your key. (Not a Steam key)",https://www.gamerpower.com/open/crown-neon-rox-skin-key-giveaway,DLC,PC,0,9250,Active,https://www.gamerpower.com/crown-neon-rox-skin-key-giveaway,https://www.gamerpower.com/open/crown-neon-rox-skin-key-giveaway
982,Heroes And Generals Starter Pack Key Giveaway,0,"Claim your Heroes And Generals Starter Pack Key and unlock weapons, ammo, boosters, and more when you enter the battlefield.","1. Login and click the button to unlock your key.
2. Follow giveaway instructions to redeem your key.",https://www.gamerpower.com/open/heroes-and-generals-starter-pack-key-giveaway,DLC,PC,0,7860,Active,https://www.gamerpower.com/heroes-and-generals-starter-pack-key-giveaway,https://www.gamerpower.com/open/heroes-and-generals-starter-pack-key-giveaway
868,World Of Warships Godzilla vs. Kong Supply Drop Key,0,Claim your free World Of Warships Godzilla vs. Kong Supply Drop key! Each Supply Drop key unlocks 10 of each themed Monster camouflages.,"1. Login into your free Alienware account and click the butto to unlock your key.
2. Follow the giveaway instructions to redeem your key.",https://www.gamerpower.com/open/world-of-warships-godzilla-vs-kong-supply-drop-key,DLC,PC,0,9440,Active,https://www.gamerpower.com/world-of-warships-godzilla-vs-kong-supply-drop-key,https://www.gamerpower.com/open/world-of-warships-godzilla-vs-kong-supply-drop-key
842,Metal Slug 3 Giveaway,$7.99,Grab Metal Slug 3 for free via Microsoft Store (Gold not required)!,"1. Download via Microsoft Store before the offer expires!
2. That's it, have fun!",https://www.gamerpower.com/open/metal-slug-3,Game,"Xbox Series X|S, Xbox One",0,41470,Active,https://www.gamerpower.com/metal-slug-3,https://www.gamerpower.com/open/metal-slug-3
815,Magic: Legends - Crusader Armor Pack Keys,0,"Claim your Crusader Armor Pack Key for Magic: Legends! Each pack key unlocks an exclusive Crusader Armor, End of Mission Boosts and Drop Reward Boosts!","1. Login into your free MMORPG account and click the button to unlock your key.
2. Follow the giveaway instructions to redeem your key",https://www.gamerpower.com/open/magic-legends-crusader-armor-pack-keys,DLC,PC,0,5900,Active,https://www.gamerpower.com/magic-legends-crusader-armor-pack-keys,https://www.gamerpower.com/open/magic-legends-crusader-armor-pack-keys
814,Drifters Loot the Galaxy: Sumo Friction Skin Asset Steam Key Giveaway,0,Claim your Sumo Friction Skin Asset Steam Key for free for Drifters Loot the Galaxy! Please note the base game Drifters Loot the Galaxy is required to enjoy this DLC content.,"1. Login into your free Alienware account and click the button to unlock your Steam key.
2. Redeem your key on Steam (base game required)",https://www.gamerpower.com/open/drifters-loot-the-galaxy-sumo-friction-skin-asset-steam-key-giveaway,DLC,"PC, Steam",0,10230,Active,https://www.gamerpower.com/drifters-loot-the-galaxy-sumo-friction-skin-asset-steam-key-giveaway,https://www.gamerpower.com/open/drifters-loot-the-galaxy-sumo-friction-skin-asset-steam-key-giveaway
520,World of Warships: HUGE BONUSES Code,0,"This is the best time to jump into World of Warships! Claim the code below and unlock HUGE BONUSES including 2,5 million credits, 200 doubloons, 7 days of premium, 2 cruisers (St. Louis and Emden) plus 20X camouflage restless fire! It's crazy! Please note this code is for new players only.

Code: BOOM","1. Click the ""Get Loot"" button to visit the World of Warships page.
2. Click the button and enter your new account details.
3. On the sign up page, click the ""Have an invite code?"" link and insert the code if not there already. (The code should be added automatically if you followed our link) That's it!",https://www.gamerpower.com/open/world-of-warships-huge-bonuses-code,DLC,PC,0,61790,Active,https://www.gamerpower.com/world-of-warships-huge-bonuses-code,https://www.gamerpower.com/open/world-of-warships-huge-bonuses-code
785,Magic: The Gathering Arena - 5 Card Sleeves,0,"Use the codes below and unlock 5 Card Sleeves for Magic: The Gathering Arena!

Codes:
DebateDuelists - (Silverquill Sleeve)
MathWhizzes - (Quandrix Sleeve)
SwampPunks - (Witherbloom Sleeve)
ArtClub - (Prismari Sleeve)
RockJocks - (Lorehold Sleeve)","1. Click the ""Get Loot"" to visit the game page and create your account if you don't have one.
2. Start the game and on the home screen click Store
3. In the top right corner, click ""Redeem Code"" window.
4. Enter the code there. Be careful to correctly use uppercase and lowercase",https://www.gamerpower.com/open/magic-the-gathering-arena-5-card-sleeves,DLC,PC,0,5230,Active,https://www.gamerpower.com/magic-the-gathering-arena-5-card-sleeves,https://www.gamerpower.com/open/magic-the-gathering-arena-5-card-sleeves
14,Free MTG: Arena Codes,0,"Below you will find all the free Magic: The Gathering Arena Codes we found. Redeem all this Magic Arena codes and unlock Set Packs, XP, card styles and other rewards for free.

Codes:

PlayKaldheim (3 packs)
PlayZendikar (3 packs)
PlayM21 (3 packs)
FNMATHOME (1 pack)
PlayIkoria (3 packs)
PlayTheros (3 packs)
PlayRavnica (3 packs)
PlayAllegiance (3 packs)
PlayWarSpark (3 packs)
PlayM20 (3 packs)
PlayEldraine (3 packs)
TryKaladesh (1 pack)
SuperScry (1 card + card style)
ParallaxPotion (1 card + card style)
FoilFungus (1 card + card style)
ShinyGoblinPirate (1 card + card style)
SparkleDruid (1 card + card style)
OverTheMoon (1 card style)
InnerDemon (1 card style)
ShieldsUp (1 card style)
WrittenInStone (1 card style)
EnlightenMe (1 card style)
LevelUp (2000 XP)","1. Click the ""Get Loot"" to visit the game page and create your account if you don't have one.
2. Start the game and on the home screen click Store
3. In the top right corner, click ""Redeem Code"" window.
4. Enter the code there. Be careful to correctly use uppercase and lowercase",https://www.gamerpower.com/open/free-mtg-arena-codes,DLC,PC,0,7400,Active,https://www.gamerpower.com/free-mtg-arena-codes,https://www.gamerpower.com/open/free-mtg-arena-codes
4,Get The Witcher: Enhanced Edition for FREE!,$9.99,"Starting today, all GOG users can grab a free copy of The Witcher: Enhanced Edition Director's Cut! You just need to follow the instructions below!","1. Add <a href=""https://www.gog.com/game/gwent_the_witcher_card_game"">Gwent</a> to your library on GOG
2. Visit the <a href=""https://www.gog.com/gwent-welcome-bonus"">giveaway page</a> and subscribe.
3. Then go to <a href=""https://www.gog.com/game/the_witcher"">The Witcher page</a> to unlock the game.",https://www.gamerpower.com/open/get-the-witcher-enhanced-edition-for-free,Game,"PC, GOG",0,471740,Active,https://www.gamerpower.com/get-the-witcher-enhanced-edition-for-free,https://www.gamerpower.com/open/get-the-witcher-enhanced-edition-for-free
555,DRAG: Special Event Key Giveaway,0,Claim your DRAG: Special Event Key to unlock the Special Event Racetrack Zone-A 5 event! Plus you can use this code on the demo!,"1. Log in into your Alienware account and click the button to unlock your key.
2. Follow the giveaway instructions to redeem your key.",https://www.gamerpower.com/open/drag-special-event-key-giveaway,DLC,PC,0,12820,Active,https://www.gamerpower.com/drag-special-event-key-giveaway,https://www.gamerpower.com/open/drag-special-event-key-giveaway
527,Talion Premium Pack Key Giveaway,0,"Claim your Talion Premium Pack Key for free an unlock 300,000 Gold, Equipment Chest, Ride Shard Select Chest and a Enhance Stone Select Chest.","1.Login and click the button to unlock your key.
2. Follow the giveaway instructions to redeem your key.",https://www.gamerpower.com/open/talion-premium-pack-key-giveaway,DLC,PC,0,6510,Active,https://www.gamerpower.com/talion-premium-pack-key-giveaway,https://www.gamerpower.com/open/talion-premium-pack-key-giveaway
502,World of Tanks: 600 Gold + Tank Invite Code,0,Claim this free World of Tanks invite code and unlock a Tank T-1271 or a Tank M22 Locust plus 600 Gold without any cost! You just need to follow the instructions below! Please note this invite codes are for new players only!,"1. Click the ""Get Loot"" button to visit the World of Tanks page and activate the code automatically.
2. Click the button and enter your new account details.
3. That's it, the bonus will be added to your account automatically.",https://www.gamerpower.com/open/world-of-tanks-tank-600-gold-invite-code,DLC,PC,2020-12-30 00:00:00,16340,Active,https://www.gamerpower.com/world-of-tanks-tank-600-gold-invite-code,https://www.gamerpower.com/open/world-of-tanks-tank-600-gold-invite-code
457,Two Point Hospital: SEGA 60th Items DLC,0,Claim your Two Point Hospital: SEGA 60th Items DLC on Steam for free! Please note the base game Two Point Hospital is required to enjoy this DLC content.,"1. Install the base game Two Point Hospital first.
2. Download the DLC on Steam.",https://www.gamerpower.com/open/two-point-hospital-sega-60th-items-dlc,DLC,"PC, Steam",0,13830,Active,https://www.gamerpower.com/two-point-hospital-sega-60th-items-dlc,https://www.gamerpower.com/open/two-point-hospital-sega-60th-items-dlc
441,Free NiGHTS Into Dreams (Steam) Giveaway,$7.99,"Grab NiGHTS Into Dreams for free! That's right, Sega is celebrating their 60th anniversary and they are giving away NiGHTS Into Dreams entirely for free! To grab your copy you just need to sign up with your email and Steam account. It's that easy!","1. Sign in with your email and click continue.
2. Login with your Steam account.",https://www.gamerpower.com/open/free-nights-into-dreams-steam,Game,"PC, Steam",0,243460,Active,https://www.gamerpower.com/free-nights-into-dreams-steam,https://www.gamerpower.com/open/free-nights-into-dreams-steam
383,"Causa, Voices of the Dusk Game Packs Bundle Keys",$14.00,"Claim your Causa, Voices of the Dusk Game Packs Bundle Key and unlock 7 Card Packs and 1 Premium Card Back!","1. Login into your Alienware account and click the button to unlock your key.
2. Follow the giveaway instructions to redeem your key.",https://www.gamerpower.com/open/causa-voices-of-the-dusk-game-packs-bundle-keys,DLC,PC,0,10310,Active,https://www.gamerpower.com/causa-voices-of-the-dusk-game-packs-bundle-keys,https://www.gamerpower.com/open/causa-voices-of-the-dusk-game-packs-bundle-keys
186,Neverwinter Avernus: Gift of the Noble Guard Key Giveaway,0,"Claim your Neverwinter Avernus: Gift of the Noble Guard Pack Key and unlock free in-game items for Neverwinter (PC) including the Cape of the Noble Guard, Stone of Health and more!","1. Login into your Alienwarearena account and click the button to unlock your key.
2. Follow the giveaway instructions to redeem your key.",https://www.gamerpower.com/open/neverwinter-avernus-gift-of-the-noble-guard-key-giveaway,DLC,PC,0,16860,Active,https://www.gamerpower.com/neverwinter-avernus-gift-of-the-noble-guard-key-giveaway,https://www.gamerpower.com/open/neverwinter-avernus-gift-of-the-noble-guard-key-giveaway
157,Free Bomb Bots Arena Gift Pack Keys,0,"Claim your Bomb Bots Arena exclusive gift pack key and unlock in-game items for Bomb Bots Arena (on PC, Android and iOS)! Each pack key includes a head, body and a hat!

*Please note these are not Steam keys, if you pick the Steam version please follow the instructions and redeem the key inside the game.","1. Login and click the button to unlock your key.
2. Follow the giveaway instructions to redeem your key.",https://www.gamerpower.com/open/free-bomb-bots-arena-gift-pack-keys,DLC,"PC, Steam, Android, iOS",0,13400,Active,https://www.gamerpower.com/free-bomb-bots-arena-gift-pack-keys,https://www.gamerpower.com/open/free-bomb-bots-arena-gift-pack-keys
147,Free Too Human on Xbox 360 Giveaway,0,Get Too Human for free on Microsoft Store!,"1. Click ""Buy Game Free"" button to unlock this game.
2. Please note you need a XBOX/Microsoft account with a credit card in order to claim.",https://www.gamerpower.com/open/free-too-human-on-xbox-360,Game,Xbox 360,0,20300,Active,https://www.gamerpower.com/free-too-human-on-xbox-360,https://www.gamerpower.com/open/free-too-human-on-xbox-360
146,Free Crackdown and Crackdown 2,0,"Get Crackdown and Crackdown 2 (Xbox 360) for free on Microsoft Store. Please check the links below.

Crackdown: https://marketplace.xbox.com/en-US/Product/Crackdown/66acd000-77fe-1000-9115-d8024d5307dc
Crackdown 2: https://marketplace.xbox.com/en-US/Product/Crackdown-2/66acd000-77fe-1000-9115-d8024d5308bc","1. Click ""Buy Game Free"" button to unlock this game.
2. Please note you need a XBOX/Microsoft account with a credit card in order to claim.",https://www.gamerpower.com/open/free-crackdown-and-crackdown-2,Game,Xbox 360,0,21170,Active,https://www.gamerpower.com/free-crackdown-and-crackdown-2,https://www.gamerpower.com/open/free-crackdown-and-crackdown-2
27,SUPER CIRCUIT BREAKERS - PAYNE,0,Grab this DLC for FREE until the end of May! Please note the base game is required (free to play) to play this DLC content.,"1. Download the base game on Steam first (free to play)
2. Install the DLC before the offer expires.",https://www.gamerpower.com/open/super-circuit-breakers-payne,DLC,"PC, Steam",2020-05-31 23:59:00,9560,Active,https://www.gamerpower.com/super-circuit-breakers-payne,https://www.gamerpower.com/open/super-circuit-breakers-payne
28,Higurashi When They Cry Hou - Ch.1 Onikakushi,$1.19,Higurashi When They Cry Hou - Ch.1 Onikakushi is currently free on Steam until a vaccine or treatment is discovered!,Download on Steam before the offer expires!,https://www.gamerpower.com/open/higurashi-when-they-cry-hou-ch-1-onikakushi,Game,"PC, Steam",0,191890,Active,https://www.gamerpower.com/higurashi-when-they-cry-hou-ch-1-onikakushi,https://www.gamerpower.com/open/higurashi-when-they-cry-hou-ch-1-onikakushi
153,Riders of Icarus Silver Laiku Mount Steam Keys,0,"Claim your Steam key and receive the Silver Laiku mount for Riders of Icarus! With the Silver Laiku, you'll be able to mount up and take the battle to the sky unlike anything you’ve seen before!","1. Login into your Alienware account.
2. Click the button to unlock your Steam Key.
3. Redeem your key on Steam.",https://www.gamerpower.com/open/riders-of-icarus-silver-laiku-mount-steam-keys,DLC,"PC, Steam",0,11450,Active,https://www.gamerpower.com/riders-of-icarus-silver-laiku-mount-steam-keys,https://www.gamerpower.com/open/riders-of-icarus-silver-laiku-mount-steam-keys
154,Battle for the Galaxy Ice Bastion Pack Steam Key,$7.99,"Get your Ice Bastion DLC Pack Steam key for Battle for the Galaxy and unlock premium currency, permanent boosts and more! Please note the base game Battle for the Galaxy (free to play) is required to enjoy this DLC content.","1. Login into your Alienware account.
2. Click the button to unlock your Steam Key.
3. Redeem your key on Steam.",https://www.gamerpower.com/open/battle-for-the-galaxy-ice-bastion-pack-steam-keys,DLC,"PC, Steam",0,15080,Active,https://www.gamerpower.com/battle-for-the-galaxy-ice-bastion-pack-steam-keys,https://www.gamerpower.com/open/battle-for-the-galaxy-ice-bastion-pack-steam-keys
40,Payday 2: Free In-game Items Giveaway,0,"OVERKILL is giving away free in-game items for Payday 2! You just need to complete some easy steps to unlock several in-game items including masks, hats and more!","1. Click the button to visit the giveaway page.
2. Select your favorite in-game items.
3. Complete the steps to unlock your in-game items!",https://www.gamerpower.com/open/payday-2-free-in-game-items-giveaway,DLC,"PC, Steam",0,123810,Active,https://www.gamerpower.com/payday-2-free-in-game-items-giveaway,https://www.gamerpower.com/open/payday-2-free-in-game-items-giveaway
37,Free Endless Space Collection (Steam) Giveaway,$9.99,Grab Endless Space Collection for free on Steam via Games2gether! You just need to follow the instructions below!,"1. Login or create your free Games2gether account.
2. Go to the reward page and link your Steam account.
3. Go back to the reward page and click the button to redeem your game.",https://www.gamerpower.com/open/free-endless-space-collection,Game,"PC, Steam",0,272540,Active,https://www.gamerpower.com/free-endless-space-collection,https://www.gamerpower.com/open/free-endless-space-collection
16,Collective Free Hero Skin Key,0,Grab your Collective Hero Skin key now before it's too late!,"1. Login into your Alienwarearena account, scroll down and click the button to unlock your key.
2. Follow the giveaway instructions to redeem your key.",https://www.gamerpower.com/open/collective-free-hero-skin-key,DLC,PC,0,4620,Active,https://www.gamerpower.com/collective-free-hero-skin-key,https://www.gamerpower.com/open/collective-free-hero-skin-key
152,Dream of Mirror Online Summer Fun DLC Pack Steam Keys,0,Claim your Dream of Mirror Online Summer Fun DLC Pack Steam Key and unlock lots of in-game items for Dream of Mirror Online. Please note the base game Dream Of Mirror Online (free to play) is required to play this DLC content.,"1. Login into your Alienware account.
2. Click the button to unlock your Steam Key.
3. Redeem your key on Steam.",https://www.gamerpower.com/open/domo-summer-fun-dlc-steam-keys,DLC,"PC, Steam",0,6880,Active,https://www.gamerpower.com/domo-summer-fun-dlc-steam-keys,https://www.gamerpower.com/open/domo-summer-fun-dlc-steam-keys
42,Overstep Skin Key Giveaway,0,Grab this key and unlock an exclusive skin for Overstep! Please note you must redeem this key in-game.,"1. Download and install Overstep on Steam for free.
2. Login into your Alienwarearena account and grab your key.
3. Open the game and click on the main menu and enter the code.",https://www.gamerpower.com/open/overstep-skin-key-giveaway,DLC,"PC, Steam",0,11560,Active,https://www.gamerpower.com/overstep-skin-key-giveaway,https://www.gamerpower.com/open/overstep-skin-key-giveaway
34,Heavy Metal Machines Gift Pack Steam Key,0,Grab this Steam key to unlock a total of 9 exclusive in-game items for Heavy Metal Machines! Please note the base game Heavy Metal Machines (free to play) is required to play this DLC content.,"1. Install Heavy Metal Machines on Steam first.
2. Grab your key and redeem it on Steam.",https://www.gamerpower.com/open/heavy-metal-machines-gift-pack-steam-key,DLC,"PC, Steam",0,12810,Active,https://www.gamerpower.com/heavy-metal-machines-gift-pack-steam-key,https://www.gamerpower.com/open/heavy-metal-machines-gift-pack-steam-key
25,Brawlhalla Katars of the Raven Weapon Skin Codes,0,"Follow Brawlhalla on Twitch and score a free Katars of the Raven Weapon Skin code! To redeem your code, go to the Brawlhalla in-game store, then type your code into ""Redeem Code"" at the bottom.","1. Complete all steps to unlock your key.
2. Go to the Brawlhalla in-game store, then type your code into ""Redeem Code"" at the bottom.",https://www.gamerpower.com/open/brawlhalla-katars-of-the-raven-weapon-skin,DLC,"PC, Playstation 4, Xbox One, Nintendo Switch",0,54980,Active,https://www.gamerpower.com/brawlhalla-katars-of-the-raven-weapon-skin,https://www.gamerpower.com/open/brawlhalla-katars-of-the-raven-weapon-skin
9,Free Rocket League Codes,0,"Rocket League is giving away free in-game items, to unlock those items you just need to use the codes below. Please note the base game is required to play this DLC content.

Active Codes:
popcorn

This codes will expire soon so redeem the code now!","1. Launch Rocket League (Via Steam, XB1 or PS4)
2. Go to ""Extras""; in the Main Menu and select ""Redeem Code"" then enter the code: popcorn. ",https://www.gamerpower.com/open/free-rocket-league-codes,DLC,"PC, Playstation 4, Xbox One",0,42590,Active,https://www.gamerpower.com/free-rocket-league-codes,https://www.gamerpower.com/open/free-rocket-league-codes
7,Destiny 2: Free Emblem Codes,0,"Score free in-game Emblems for Destiny 2! You just need to redeem the codes bellow. Best of all, it&#39;s free! If anyone knows other Emblem codes, please feel free to share them! Please note that emblem codes probably have an expiration date, and will not work once expired

    X9FGMAH6D
    XFV-KHP-N97
    A7LFYC44X
    JDT-NLC-JKM
    N3LXN6PXF
    7CP-94V-LFP
    FJ9-LAM-67F
    7F9-767-F74
    X4C-FGX-MX3
    JD7-4CM-HJG
    JNX-DMH-XLA
    3VF-LGC-RLX","1. Redeem your Emblem code at https://www.bungie.net/en/User/coderedemption
2. That&#39;s it! Have fun!",https://www.gamerpower.com/open/destiny-2-free-emblem-codes,DLC,"PC, Playstation 4, Xbox One",0,21940,Active,https://www.gamerpower.com/destiny-2-free-emblem-codes,https://www.gamerpower.com/open/destiny-2-free-emblem-codes
6,Warframe Free Promo Codes,0,"Here's a list with all the free Warframe promo codes we have found so far. If anyone knows other Warframe promo codes, please feel free to share them!

Promo Codes:

PARVOS (Golden Hand Decoration)

Glypth Codes:

    Triburos
    KingGothaLion
    Golden
    GermanCommunityDiscord
    Xenogelion
    Bwana
    BigJimID
    Deejayknight
    MCGamerCZ
    Sn0wRC
    Gara
    VAMP6X6X6X
    TioRamon
    FeelLikeAPlayer
    Bricky
    MadFury
    Char
    ToxickToe
    SerdarSari
    InfoDiversao
    Macho
    TeaWrex
    Kiwad
    TacticalPotato
    AnnoyingKillah
    UnrealYuki
    VVhiteAngel
    OrpheusDeluxe
    ConclaveDiscord
    Sherpa
    ReyGanso
    TotalN3wb
    Strippin
    Makarimorph
    McMonkeys
    Reddit
    DanielTheDemon
    AnjetCat
    CohhCarnage
    NoSympathyy
    WarframeCommunityDiscord
    FromThe70s
    DKDiamantes
    Tanchan
    Vernoc
    GlamShatterSkull
    MichelPostma
    PokketNinja
    TioMario
    AeonKnight86
    MrSteelWar
    H3DSH0T
    Woxli
    VoidFissureBR
    LilLexi
    BrazilCommunityDiscord
    MikeTheBard
    DjTechLive
    BurnBxx
    Aznitrous
    DimitriV2
    AngryUnicorn
    CGsKnackie
    ExtraCredits
    Emovj
    LynxAria
    Kr1ptonPlayer
    JoeyZero
    Amprov
    LeyzarGamingViews
    MrWarframeGuy
    Wanderbots
    Homiinvocado
    TinBears
    Eduiy16
    Frozenballz
    AshiSogiTenno
    ElDanker
    HotShomStories
    Shul
    JustRLC
    Rahetalius
    AGayGuyPlays
    VoltTheHero
    BlackOni
    Endotti
    GrindHardSquad
    Smoodie
    DillyFrame
    PostiTV
    Rippz0r
    DeuceTheGamer
    Sapmatic
    DeepBlueBeard
    SkillUp
    Mogamu
    RebelDustyPinky
    IWoply
    Brozime
    ProfessorBroman
    AdmiralBahroo
    OriginalWickedFun
    SarahTsang
    Hydroxate","Promo codes are special codes that unlock in-game items such as weapons, glypths and boosters. Please note that codes usually have an expiration date, and will not work once expired. Redeem your promo code at https://www.warframe.com/promocode",https://www.gamerpower.com/open/warframe-free-promo-codes,DLC,"PC, Playstation 4, Xbox One, Nintendo Switch",0,23090,Active,https://www.gamerpower.com/warframe-free-promo-codes,https://www.gamerpower.com/open/warframe-free-promo-codes
5,Farming Simulator 2017: Free Horsch Agrovation DLC,0,"Grab this Horsch Agrovation DLC Code for Farming Simulator 2017. On the Farming Simulator 2017 page, just paste the following key code into the field provided: 143208267411

You will receive a link to the Horsch Agrovation DLC released during Agritechnica event. It is a 1.1GB download that gives you a .exe file.",1.  Just paste the following key code into the field provided: 143208267411,https://www.gamerpower.com/open/farming-simulator-2017-free-horsch-agrovation-dlc,DLC,PC,0,29480,Active,https://www.gamerpower.com/farming-simulator-2017-free-horsch-agrovation-dlc,https://www.gamerpower.com/open/farming-simulator-2017-free-horsch-agrovation-dlc
